filename,target
test_940.wav,0
test_1474.wav,2
test_2833.wav,3
test_3283.wav,3
test_975.wav,3
test_3017.wav,3
test_923.wav,3
test_574.wav,2
test_2596.wav,3
test_401.wav,2
test_2013.wav,3
test_1529.wav,0
test_1419.wav,3
test_465.wav,2
test_1218.wav,0
test_2966.wav,3
test_2686.wav,3
test_1361.wav,0
test_1110.wav,0
test_2092.wav,3
test_148.wav,3
test_2055.wav,3
test_1513.wav,0
test_1981.wav,3
test_54.wav,3
test_576.wav,3
test_798.wav,3
test_1071.wav,0
test_3041.wav,3
test_2675.wav,3
test_18.wav,0
test_1855.wav,3
test_1000.wav,2
test_2649.wav,3
test_2851.wav,3
test_3076.wav,3
test_223.wav,2
test_1645.wav,3
test_1420.wav,2
test_611.wav,3
test_3389.wav,3
test_2805.wav,3
test_3221.wav,3
test_1781.wav,2
test_1330.wav,3
test_982.wav,2
test_557.wav,3
test_1087.wav,0
test_2349.wav,3
test_2689.wav,3
test_2356.wav,3
test_963.wav,2
test_84.wav,3
test_535.wav,2
test_1874.wav,3
test_2878.wav,3
test_243.wav,3
test_301.wav,2
test_1696.wav,3
test_1264.wav,2
test_325.wav,3
test_2775.wav,3
test_907.wav,3
test_1491.wav,3
test_756.wav,0
test_642.wav,3
test_815.wav,3
test_106.wav,3
test_3398.wav,3
test_2541.wav,3
test_1541.wav,2
test_205.wav,0
test_76.wav,0
test_2166.wav,0
test_3286.wav,3
test_1443.wav,2
test_845.wav,3
test_2430.wav,3
test_1072.wav,3
test_1634.wav,0
test_966.wav,3
test_870.wav,3
test_2325.wav,3
test_3085.wav,0
test_602.wav,0
test_2709.wav,3
test_3094.wav,3
test_1836.wav,3
test_2157.wav,3
test_1571.wav,2
test_402.wav,0
test_1625.wav,0
test_259.wav,3
test_2471.wav,3
test_2639.wav,3
test_439.wav,2
test_1821.wav,3
test_1352.wav,2
test_1796.wav,0
test_396.wav,0
test_2327.wav,3
test_714.wav,0
test_239.wav,2
test_3315.wav,0
test_1293.wav,3
test_1184.wav,2
test_3202.wav,3
test_3118.wav,3
test_210.wav,0
test_186.wav,3
test_61.wav,2
test_2002.wav,3
test_883.wav,2
test_3103.wav,3
test_2298.wav,3
test_2332.wav,0
test_2170.wav,3
test_1174.wav,2
test_1939.wav,0
test_2672.wav,3
test_2444.wav,3
test_2446.wav,3
test_255.wav,3
test_560.wav,3
test_711.wav,2
test_1611.wav,0
test_3554.wav,3
test_1702.wav,0
test_2912.wav,3
test_968.wav,2
test_2051.wav,3
test_433.wav,3
test_2749.wav,3
test_3393.wav,3
test_42.wav,3
test_179.wav,0
test_2497.wav,3
test_1183.wav,0
test_1434.wav,0
test_2351.wav,3
test_335.wav,0
test_115.wav,3
test_2701.wav,3
test_2489.wav,0
test_3275.wav,0
test_1516.wav,0
test_2751.wav,3
test_1715.wav,2
test_1339.wav,3
test_289.wav,0
test_2261.wav,0
test_3429.wav,3
test_110.wav,0
test_1910.wav,3
test_2880.wav,0
test_2259.wav,3
test_1256.wav,2
test_431.wav,0
test_1337.wav,0
test_3552.wav,3
test_2498.wav,3
test_867.wav,3
test_2555.wav,3
test_376.wav,0
test_1848.wav,3
test_716.wav,2
test_2227.wav,3
test_2236.wav,3
test_2793.wav,3
test_3435.wav,3
test_3557.wav,3
test_2123.wav,3
test_1470.wav,0
test_2830.wav,3
test_3510.wav,3
test_754.wav,2
test_1323.wav,2
test_2246.wav,3
test_2428.wav,3
test_2570.wav,3
test_2443.wav,3
test_1786.wav,0
test_1309.wav,0
test_2413.wav,0
test_297.wav,0
test_2515.wav,3
test_905.wav,2
test_3420.wav,3
test_1977.wav,3
test_3516.wav,3
test_2004.wav,3
test_2066.wav,3
test_849.wav,3
test_498.wav,0
test_3594.wav,3
test_139.wav,2
test_79.wav,3
test_1822.wav,3
test_3142.wav,3
test_877.wav,3
test_89.wav,2
test_1670.wav,0
test_2826.wav,3
test_1411.wav,3
test_519.wav,0
test_1300.wav,3
test_1269.wav,0
test_1716.wav,2
test_3446.wav,3
test_3502.wav,3
test_1325.wav,3
test_1481.wav,0
test_775.wav,3
test_2343.wav,3
test_305.wav,3
test_1482.wav,0
test_2074.wav,3
test_2577.wav,0
test_41.wav,0
test_624.wav,2
test_150.wav,2
test_2632.wav,3
test_2219.wav,3
test_2337.wav,3
test_2032.wav,3
test_2386.wav,3
test_3352.wav,3
test_1178.wav,2
test_315.wav,0
test_2179.wav,3
test_2737.wav,3
test_2954.wav,3
test_1199.wav,2
test_1722.wav,3
test_987.wav,2
test_561.wav,0
test_349.wav,0
test_2096.wav,3
test_841.wav,2
test_575.wav,0
test_2965.wav,3
test_2825.wav,3
test_1260.wav,3
test_1317.wav,0
test_2046.wav,3
test_3302.wav,3
test_2067.wav,3
test_2383.wav,3
test_3373.wav,3
test_2638.wav,3
test_2432.wav,3
test_951.wav,2
test_1746.wav,3
test_617.wav,2
test_130.wav,0
test_59.wav,0
test_1589.wav,2
test_3515.wav,3
test_960.wav,2
test_1063.wav,0
test_1958.wav,3
test_1224.wav,0
test_109.wav,0
test_2401.wav,0
test_2081.wav,3
test_1109.wav,3
test_3265.wav,3
test_1497.wav,2
test_3490.wav,3
test_2822.wav,3
test_44.wav,3
test_3146.wav,3
test_1164.wav,3
test_3016.wav,3
test_3590.wav,3
test_3164.wav,3
test_198.wav,2
test_1251.wav,2
test_434.wav,2
test_1674.wav,0
test_2435.wav,3
test_622.wav,3
test_1116.wav,2
test_2653.wav,3
test_3317.wav,3
test_326.wav,0
test_3380.wav,3
test_392.wav,0
test_2494.wav,3
test_2908.wav,3
test_2044.wav,3
test_1801.wav,3
test_1351.wav,2
test_3592.wav,0
test_3341.wav,3
test_3024.wav,3
test_799.wav,0
test_1519.wav,0
test_1724.wav,0
test_1056.wav,0
test_1616.wav,2
test_1452.wav,0
test_1960.wav,3
test_1230.wav,0
test_1049.wav,3
test_2990.wav,3
test_3093.wav,0
test_3478.wav,3
test_3137.wav,3
test_1839.wav,3
test_339.wav,3
test_58.wav,3
test_1424.wav,0
test_1052.wav,0
test_580.wav,3
test_111.wav,0
test_1957.wav,3
test_2674.wav,3
test_1453.wav,3
test_2410.wav,3
test_1586.wav,0
test_1402.wav,3
test_1759.wav,3
test_3335.wav,3
test_1999.wav,0
test_3439.wav,3
test_3534.wav,3
test_1483.wav,0
test_1772.wav,0
test_1093.wav,0
test_2601.wav,3
test_118.wav,0
test_3417.wav,3
test_3591.wav,3
test_1632.wav,0
test_757.wav,2
test_493.wav,3
test_629.wav,2
test_3134.wav,3
test_323.wav,3
test_1829.wav,3
test_419.wav,0
test_437.wav,2
test_3081.wav,0
test_518.wav,2
test_528.wav,2
test_939.wav,3
test_902.wav,0
test_920.wav,2
test_2062.wav,3
test_422.wav,2
test_2028.wav,3
test_3310.wav,3
test_2396.wav,3
test_911.wav,0
test_888.wav,0
test_1133.wav,3
test_1076.wav,3
test_647.wav,0
test_2031.wav,3
test_1545.wav,3
test_138.wav,0
test_412.wav,2
test_588.wav,3
test_1584.wav,3
test_3416.wav,3
test_30.wav,3
test_3150.wav,3
test_3236.wav,0
test_949.wav,0
test_2842.wav,3
test_1852.wav,3
test_2191.wav,3
test_1752.wav,0
test_3143.wav,3
test_217.wav,2
test_1906.wav,3
test_635.wav,0
test_998.wav,2
test_1684.wav,2
test_1985.wav,3
test_2809.wav,3
test_881.wav,0
test_1765.wav,3
test_1322.wav,2
test_1669.wav,0
test_844.wav,3
test_829.wav,0
test_627.wav,0
test_1501.wav,2
test_1512.wav,2
test_3268.wav,3
test_843.wav,0
test_959.wav,0
test_3099.wav,3
test_2594.wav,3
test_1895.wav,3
test_2660.wav,3
test_3065.wav,3
test_3250.wav,3
test_1601.wav,0
test_1433.wav,0
test_351.wav,3
test_3153.wav,3
test_1691.wav,2
test_2918.wav,3
test_2323.wav,3
test_801.wav,3
test_662.wav,2
test_142.wav,0
test_727.wav,2
test_3570.wav,3
test_1739.wav,3
test_2902.wav,3
test_599.wav,2
test_2523.wav,3
test_1837.wav,3
test_3403.wav,3
test_2385.wav,3
test_1107.wav,0
test_2357.wav,0
test_1596.wav,3
test_1660.wav,0
test_2235.wav,3
test_1469.wav,3
test_2938.wav,3
test_2582.wav,3
test_1760.wav,2
test_15.wav,3
test_3069.wav,3
test_517.wav,0
test_3152.wav,3
test_1777.wav,2
test_337.wav,0
test_3001.wav,3
test_2373.wav,3
test_207.wav,0
test_719.wav,0
test_1160.wav,3
test_594.wav,0
test_2677.wav,3
test_1338.wav,3
test_521.wav,3
test_632.wav,0
test_3566.wav,3
test_1466.wav,2
test_1648.wav,2
test_1721.wav,0
test_471.wav,3
test_2518.wav,3
test_2900.wav,3
test_684.wav,2
test_695.wav,3
test_1437.wav,0
test_3172.wav,3
test_3148.wav,3
test_3356.wav,0
test_2527.wav,0
test_2243.wav,3
test_23.wav,0
test_103.wav,3
test_537.wav,2
test_1257.wav,2
test_2810.wav,3
test_619.wav,3
test_1979.wav,0
test_1782.wav,2
test_3401.wav,3
test_1563.wav,2
test_2475.wav,3
test_955.wav,0
test_275.wav,0
test_1185.wav,0
test_1624.wav,3
test_1479.wav,2
test_184.wav,0
test_1477.wav,0
test_935.wav,3
test_1489.wav,3
test_1629.wav,2
test_595.wav,3
test_1070.wav,0
test_393.wav,0
test_3111.wav,3
test_2621.wav,3
test_3473.wav,3
test_1595.wav,0
test_2615.wav,3
test_2903.wav,3
test_3355.wav,0
test_2220.wav,3
test_953.wav,2
test_717.wav,0
test_563.wav,0
test_3179.wav,3
test_655.wav,0
test_3096.wav,3
test_3421.wav,3
test_790.wav,3
test_1128.wav,0
test_900.wav,0
test_1515.wav,0
test_3463.wav,3
test_2129.wav,3
test_600.wav,3
test_168.wav,3
test_283.wav,3
test_3366.wav,3
test_1439.wav,2
test_2698.wav,3
test_2575.wav,3
test_2260.wav,3
test_2717.wav,3
test_817.wav,0
test_2317.wav,3
test_2750.wav,0
test_2314.wav,3
test_2897.wav,3
test_2732.wav,3
test_2168.wav,3
test_1077.wav,2
test_169.wav,3
test_2581.wav,3
test_591.wav,0
test_3319.wav,3
test_523.wav,0
test_671.wav,3
test_631.wav,0
test_1883.wav,3
test_2927.wav,3
test_3365.wav,3
test_657.wav,3
test_759.wav,3
test_1384.wav,0
test_1986.wav,3
test_2754.wav,3
test_265.wav,0
test_1222.wav,3
test_1780.wav,2
test_1041.wav,3
test_1577.wav,2
test_3443.wav,3
test_2635.wav,3
test_2641.wav,3
test_3359.wav,3
test_122.wav,3
test_750.wav,2
test_409.wav,0
test_107.wav,3
test_1585.wav,0
test_10.wav,2
test_1800.wav,3
test_1428.wav,0
test_476.wav,2
test_1401.wav,0
test_2036.wav,3
test_1038.wav,2
test_3407.wav,3
test_2747.wav,3
test_2630.wav,3
test_1354.wav,3
test_1891.wav,3
test_311.wav,3
test_1987.wav,0
test_3399.wav,3
test_2348.wav,3
test_1130.wav,0
test_827.wav,0
test_723.wav,2
test_583.wav,0
test_2230.wav,0
test_1933.wav,3
test_2771.wav,3
test_2867.wav,3
test_2295.wav,0
test_1893.wav,3
test_822.wav,0
test_3521.wav,3
test_269.wav,0
test_1435.wav,3
test_191.wav,2
test_78.wav,3
test_1310.wav,0
test_2183.wav,3
test_509.wav,3
test_724.wav,3
test_1454.wav,0
test_365.wav,3
test_3224.wav,3
test_2370.wav,3
test_1344.wav,2
test_710.wav,0
test_37.wav,2
test_352.wav,2
test_2758.wav,3
test_2087.wav,3
test_510.wav,0
test_2828.wav,3
test_579.wav,2
test_1370.wav,0
test_3049.wav,3
test_1992.wav,3
test_489.wav,2
test_698.wav,0
test_1707.wav,2
test_1086.wav,0
test_1118.wav,0
test_1304.wav,2
test_2620.wav,3
test_2746.wav,3
test_2026.wav,3
test_72.wav,3
test_3593.wav,3
test_2834.wav,3
test_2063.wav,3
test_3450.wav,0
test_1295.wav,2
test_2782.wav,0
test_3034.wav,3
test_1662.wav,3
test_533.wav,2
test_296.wav,0
test_1423.wav,0
test_3411.wav,3
test_2352.wav,3
test_1405.wav,0
test_1805.wav,3
test_2873.wav,3
test_363.wav,3
test_1180.wav,2
test_2812.wav,3
test_2563.wav,3
test_336.wav,0
test_3369.wav,3
test_3475.wav,3
test_2607.wav,3
test_2652.wav,3
test_350.wav,2
test_3088.wav,3
test_126.wav,2
test_3529.wav,3
test_2838.wav,0
test_1170.wav,2
test_1867.wav,3
test_1914.wav,3
test_487.wav,0
test_362.wav,0
test_628.wav,0
test_1187.wav,2
test_2154.wav,0
test_2995.wav,3
test_542.wav,0
test_2395.wav,3
test_85.wav,2
test_3151.wav,3
test_2579.wav,3
test_2804.wav,3
test_3406.wav,3
test_2208.wav,3
test_2455.wav,3
test_1548.wav,0
test_2009.wav,3
test_3092.wav,3
test_1876.wav,3
test_1982.wav,3
test_1735.wav,0
test_748.wav,3
test_2284.wav,3
test_2992.wav,3
test_865.wav,0
test_3512.wav,3
test_21.wav,3
test_3597.wav,3
test_739.wav,0
test_1972.wav,0
test_868.wav,2
test_1680.wav,3
test_1176.wav,2
test_1926.wav,3
test_2485.wav,3
test_2679.wav,3
test_956.wav,2
test_2344.wav,3
test_3461.wav,0
test_1617.wav,3
test_2221.wav,3
test_440.wav,2
test_2863.wav,3
test_1518.wav,0
test_2097.wav,3
test_1553.wav,2
test_705.wav,0
test_1275.wav,2
test_2939.wav,3
test_2931.wav,3
test_3197.wav,3
test_189.wav,0
test_3504.wav,3
test_2197.wav,3
test_660.wav,0
test_2159.wav,3
test_1272.wav,0
test_428.wav,3
test_3061.wav,3
test_2608.wav,3
test_2857.wav,3
test_2334.wav,3
test_1084.wav,2
test_1279.wav,0
test_3205.wav,3
test_781.wav,0
test_1335.wav,0
test_3287.wav,3
test_1095.wav,3
test_2734.wav,3
test_3101.wav,0
test_2934.wav,3
test_497.wav,3
test_2848.wav,3
test_280.wav,0
test_2831.wav,3
test_2372.wav,3
test_2254.wav,3
test_2117.wav,0
test_1157.wav,2
test_1027.wav,3
test_1278.wav,0
test_1137.wav,2
test_1878.wav,0
test_2143.wav,0
test_285.wav,0
test_1425.wav,0
test_536.wav,2
test_1004.wav,3
test_1974.wav,3
test_1461.wav,2
test_2224.wav,3
test_1873.wav,3
test_3576.wav,3
test_3307.wav,3
test_646.wav,2
test_755.wav,0
test_3564.wav,3
test_1017.wav,0
test_281.wav,0
test_2881.wav,0
test_1024.wav,2
test_1171.wav,0
test_1549.wav,3
test_700.wav,3
test_643.wav,3
test_1326.wav,0
test_3350.wav,0
test_86.wav,0
test_1488.wav,3
test_732.wav,0
test_1526.wav,0
test_769.wav,0
test_1399.wav,2
test_2727.wav,3
test_293.wav,0
test_1753.wav,3
test_3002.wav,3
test_1270.wav,0
test_1427.wav,3
test_1534.wav,0
test_3488.wav,3
test_3305.wav,3
test_3337.wav,0
test_2070.wav,3
test_3201.wav,3
test_1508.wav,3
test_3535.wav,3
test_1390.wav,2
test_165.wav,0
test_1259.wav,0
test_2114.wav,3
test_1080.wav,3
test_2180.wav,3
test_1858.wav,3
test_1666.wav,2
test_1374.wav,0
test_2598.wav,3
test_2891.wav,3
test_1965.wav,3
test_752.wav,2
test_875.wav,0
test_3047.wav,3
test_5.wav,3
test_3262.wav,3
test_858.wav,2
test_2969.wav,3
test_1880.wav,3
test_3312.wav,3
test_2429.wav,3
test_1019.wav,3
test_3462.wav,3
test_3114.wav,3
test_2328.wav,3
test_154.wav,0
test_2538.wav,3
test_1832.wav,3
test_922.wav,0
test_1089.wav,0
test_1506.wav,2
test_2310.wav,3
test_725.wav,0
test_526.wav,2
test_2539.wav,3
test_2764.wav,3
test_360.wav,0
test_697.wav,0
test_2846.wav,3
test_1023.wav,2
test_2820.wav,3
test_2543.wav,3
test_1131.wav,2
test_2767.wav,3
test_218.wav,2
test_1851.wav,3
test_1710.wav,0
test_1931.wav,3
test_3428.wav,3
test_3277.wav,3
test_2855.wav,3
test_1937.wav,3
test_2389.wav,3
test_400.wav,0
test_2882.wav,3
test_787.wav,3
test_2045.wav,3
test_2404.wav,3
test_1826.wav,3
test_3042.wav,3
test_3385.wav,3
test_1211.wav,0
test_1621.wav,3
test_2149.wav,0
test_3342.wav,3
test_254.wav,3
test_3210.wav,3
test_2392.wav,3
test_102.wav,0
test_152.wav,3
test_2535.wav,3
test_1968.wav,3
test_2915.wav,3
test_2989.wav,3
test_3037.wav,3
test_1764.wav,3
test_2999.wav,3
test_3167.wav,3
test_1484.wav,0
test_3465.wav,3
test_1785.wav,0
test_2445.wav,3
test_1417.wav,0
test_2312.wav,3
test_3430.wav,3
test_2073.wav,3
test_1946.wav,3
test_1695.wav,0
test_3015.wav,3
test_3247.wav,3
test_62.wav,3
test_1444.wav,3
test_1486.wav,3
test_986.wav,0
test_1046.wav,3
test_745.wav,2
test_616.wav,2
test_356.wav,0
test_1432.wav,2
test_157.wav,3
test_772.wav,2
test_2412.wav,3
test_1814.wav,3
test_1498.wav,2
test_2532.wav,3
test_2164.wav,3
test_532.wav,0
test_1281.wav,0
test_2800.wav,3
test_225.wav,3
test_1593.wav,2
test_2723.wav,3
test_788.wav,3
test_2480.wav,3
test_1620.wav,3
test_1640.wav,3
test_1365.wav,3
test_882.wav,0
test_805.wav,0
test_1311.wav,3
test_2148.wav,3
test_2120.wav,3
test_3220.wav,3
test_3184.wav,3
test_2043.wav,3
test_1562.wav,2
test_192.wav,0
test_831.wav,0
test_2521.wav,0
test_2173.wav,3
test_93.wav,2
test_1357.wav,0
test_916.wav,0
test_1650.wav,3
test_3005.wav,3
test_2573.wav,3
test_3185.wav,3
test_3253.wav,3
test_448.wav,0
test_2627.wav,3
test_1173.wav,2
test_3269.wav,3
test_329.wav,0
test_550.wav,0
test_1267.wav,0
test_1542.wav,3
test_2757.wav,3
test_2616.wav,3
test_734.wav,0
test_763.wav,3
test_3125.wav,0
test_2065.wav,3
test_2967.wav,3
test_358.wav,0
test_1550.wav,0
test_1088.wav,3
test_1277.wav,2
test_1255.wav,2
test_171.wav,2
test_2697.wav,3
test_3169.wav,3
test_3368.wav,3
test_1240.wav,2
test_411.wav,0
test_320.wav,3
test_2306.wav,3
test_942.wav,3
test_2530.wav,3
test_1913.wav,3
test_1136.wav,0
test_1111.wav,3
test_2542.wav,3
test_250.wav,3
test_2664.wav,3
test_1159.wav,3
test_511.wav,0
test_2609.wav,3
test_1886.wav,3
test_780.wav,0
test_2684.wav,3
test_3282.wav,3
test_3241.wav,3
test_2719.wav,3
test_3508.wav,3
test_3159.wav,3
test_2993.wav,3
test_2633.wav,3
test_2549.wav,3
test_1742.wav,3
test_1441.wav,0
test_2574.wav,3
test_1350.wav,0
test_288.wav,0
test_1704.wav,3
test_3079.wav,3
test_2229.wav,3
test_2790.wav,3
test_1042.wav,0
test_1905.wav,0
test_1969.wav,0
test_740.wav,3
test_3280.wav,3
test_564.wav,0
test_3514.wav,3
test_1156.wav,3
test_2437.wav,3
test_919.wav,2
test_1302.wav,0
test_1254.wav,2
test_838.wav,3
test_145.wav,0
test_1321.wav,0
test_3264.wav,3
test_819.wav,2
test_455.wav,2
test_797.wav,0
test_1203.wav,0
test_2761.wav,3
test_2294.wav,0
test_1233.wav,0
test_304.wav,0
test_553.wav,3
test_338.wav,2
test_3424.wav,3
test_3334.wav,3
test_40.wav,0
test_993.wav,0
test_608.wav,3
test_2962.wav,0
test_322.wav,2
test_1719.wav,0
test_1492.wav,3
test_2411.wav,3
test_2313.wav,3
test_3256.wav,2
test_3147.wav,3
test_3281.wav,0
test_3140.wav,3
test_2408.wav,3
test_2924.wav,3
test_3320.wav,3
test_2098.wav,3
test_3110.wav,0
test_593.wav,3
test_219.wav,0
test_869.wav,2
test_2668.wav,3
test_3225.wav,3
test_3469.wav,3
test_3249.wav,3
test_314.wav,3
test_2832.wav,3
test_1078.wav,3
test_2216.wav,3
test_2896.wav,3
test_1440.wav,0
test_3112.wav,3
test_1619.wav,3
test_2237.wav,3
test_586.wav,3
test_2270.wav,3
test_1729.wav,0
test_120.wav,3
test_3434.wav,3
test_3274.wav,3
test_2354.wav,3
test_1291.wav,0
test_1319.wav,0
test_572.wav,2
test_991.wav,0
test_2132.wav,3
test_644.wav,0
test_447.wav,0
test_3440.wav,3
test_2821.wav,3
test_1296.wav,2
test_327.wav,0
test_1857.wav,3
test_2659.wav,3
test_3560.wav,3
test_2278.wav,3
test_1598.wav,2
test_2195.wav,3
test_1644.wav,3
test_1303.wav,0
test_3495.wav,3
test_395.wav,2
test_776.wav,0
test_24.wav,3
test_2565.wav,3
test_1539.wav,3
test_539.wav,2
test_2103.wav,3
test_800.wav,0
test_2431.wav,3
test_3198.wav,3
test_2457.wav,3
test_1288.wav,0
test_149.wav,0
test_2388.wav,3
test_2611.wav,3
test_3071.wav,3
test_284.wav,2
test_101.wav,3
test_722.wav,2
test_488.wav,0
test_3004.wav,3
test_1754.wav,3
test_3290.wav,3
test_2022.wav,3
test_2798.wav,3
test_1570.wav,0
test_1262.wav,0
test_129.wav,0
test_1637.wav,2
test_1192.wav,0
test_3586.wav,3
test_609.wav,2
test_1015.wav,0
test_1372.wav,0
test_904.wav,0
test_1121.wav,3
test_2255.wav,3
test_3545.wav,3
test_1859.wav,3
test_1082.wav,2
test_172.wav,2
test_2770.wav,3
test_678.wav,3
test_1502.wav,2
test_2193.wav,3
test_2510.wav,3
test_3517.wav,3
test_1051.wav,0
test_373.wav,2
test_2906.wav,3
test_2329.wav,3
test_2091.wav,3
test_978.wav,0
test_417.wav,2
test_2861.wav,3
test_1908.wav,3
test_2211.wav,3
test_736.wav,0
test_3288.wav,3
test_1865.wav,0
test_1126.wav,0
test_215.wav,2
test_1249.wav,0
test_2603.wav,3
test_1315.wav,2
test_3248.wav,3
test_1902.wav,3
test_2425.wav,3
test_770.wav,2
test_2250.wav,3
test_2818.wav,3
test_3124.wav,3
test_2854.wav,3
test_240.wav,2
test_2756.wav,3
test_1698.wav,0
test_789.wav,0
test_3413.wav,3
test_2439.wav,3
test_2843.wav,3
test_2135.wav,3
test_1828.wav,3
test_3470.wav,3
test_751.wav,2
test_200.wav,0
test_2696.wav,3
test_427.wav,3
test_342.wav,3
test_1564.wav,0
test_224.wav,0
test_2815.wav,3
test_3547.wav,3
test_1961.wav,3
test_578.wav,0
test_384.wav,2
test_3447.wav,3
test_854.wav,0
test_2768.wav,3
test_2450.wav,3
test_837.wav,2
test_2904.wav,3
test_105.wav,0
test_3175.wav,3
test_1188.wav,0
test_1014.wav,2
test_1899.wav,3
test_2869.wav,3
test_1002.wav,3
test_1228.wav,2
test_3314.wav,3
test_2486.wav,3
test_3000.wav,3
test_2779.wav,3
test_1217.wav,0
test_1787.wav,2
test_3471.wav,3
test_2780.wav,3
test_597.wav,3
test_2192.wav,0
test_3404.wav,3
test_1734.wav,2
test_686.wav,0
test_3499.wav,3
test_2731.wav,0
test_1229.wav,2
test_2923.wav,3
test_2551.wav,3
test_2407.wav,3
test_1297.wav,3
test_3038.wav,3
test_1978.wav,3
test_1718.wav,3
test_2078.wav,3
test_2568.wav,3
test_2458.wav,3
test_3426.wav,3
test_2049.wav,0
test_3562.wav,3
test_2799.wav,3
test_1996.wav,3
test_1313.wav,3
test_238.wav,2
test_2003.wav,3
test_3054.wav,3
test_3361.wav,3
test_1732.wav,3
test_1216.wav,3
test_2441.wav,3
test_3161.wav,3
test_2178.wav,3
test_1408.wav,3
test_2247.wav,0
test_160.wav,0
test_1422.wav,3
test_2552.wav,3
test_1812.wav,3
test_2189.wav,3
test_2845.wav,0
test_984.wav,0
test_2333.wav,3
test_3332.wav,3
test_14.wav,3
test_2190.wav,3
test_2788.wav,3
test_347.wav,3
test_1618.wav,3
test_121.wav,3
test_1815.wav,3
test_2405.wav,3
test_1342.wav,3
test_1409.wav,0
test_1604.wav,3
test_835.wav,2
test_3218.wav,3
test_1102.wav,3
test_2658.wav,3
test_2347.wav,3
test_2925.wav,3
test_1649.wav,3
test_3019.wav,3
test_577.wav,3
test_1307.wav,0
test_830.wav,0
test_174.wav,0
test_43.wav,3
test_2280.wav,0
test_3100.wav,3
test_3067.wav,3
test_1074.wav,3
test_915.wav,0
test_664.wav,3
test_268.wav,0
test_2961.wav,3
test_958.wav,0
test_3160.wav,3
test_1862.wav,3
test_2859.wav,3
test_230.wav,3
test_3066.wav,3
test_786.wav,0
test_2433.wav,3
test_45.wav,2
test_1476.wav,0
test_1745.wav,0
test_307.wav,0
test_2947.wav,3
test_1414.wav,0
test_1426.wav,2
test_1884.wav,3
test_1359.wav,0
test_1196.wav,2
test_3133.wav,3
test_3309.wav,3
test_1938.wav,3
test_2509.wav,3
test_1856.wav,3
test_2394.wav,3
test_1694.wav,0
test_1559.wav,0
test_2375.wav,3
test_2595.wav,3
test_136.wav,0
test_474.wav,0
test_2053.wav,3
test_234.wav,3
test_639.wav,2
test_379.wav,0
test_2256.wav,3
test_1779.wav,2
test_1117.wav,3
test_2824.wav,3
test_508.wav,3
test_637.wav,2
test_2380.wav,0
test_1301.wav,0
test_1668.wav,0
test_237.wav,0
test_1630.wav,3
test_3423.wav,3
test_1378.wav,0
test_2112.wav,3
test_820.wav,0
test_3427.wav,3
test_640.wav,2
test_738.wav,3
test_1811.wav,0
test_1140.wav,2
test_1462.wav,2
test_144.wav,0
test_2795.wav,0
test_2104.wav,0
test_1949.wav,3
test_2311.wav,3
test_2024.wav,3
test_3346.wav,0
test_479.wav,3
test_3304.wav,3
test_3030.wav,3
test_2548.wav,3
test_1740.wav,3
test_2949.wav,3
test_2095.wav,3
test_2118.wav,3
test_1966.wav,0
test_1040.wav,3
test_1866.wav,3
test_1608.wav,0
test_1697.wav,2
test_970.wav,0
test_3098.wav,3
test_470.wav,3
test_466.wav,3
test_1231.wav,3
test_1631.wav,3
test_3563.wav,3
test_1028.wav,3
test_1591.wav,2
test_443.wav,0
test_266.wav,0
test_2273.wav,3
test_2156.wav,3
test_947.wav,3
test_1714.wav,3
test_547.wav,0
test_2721.wav,3
test_3032.wav,3
test_2366.wav,3
test_1094.wav,0
test_1368.wav,0
test_2184.wav,3
test_2020.wav,3
test_3106.wav,3
test_2035.wav,3
test_3530.wav,3
test_2353.wav,3
test_3257.wav,3
test_92.wav,2
test_1556.wav,0
test_771.wav,3
test_1065.wav,3
test_1045.wav,3
test_25.wav,3
test_3357.wav,3
test_2133.wav,3
test_2474.wav,3
test_3599.wav,3
test_260.wav,3
test_1312.wav,3
test_1700.wav,0
test_1808.wav,3
test_1377.wav,0
test_64.wav,3
test_988.wav,0
test_1712.wav,0
test_2500.wav,3
test_96.wav,2
test_3358.wav,3
test_2472.wav,3
test_1887.wav,3
test_94.wav,3
test_1580.wav,0
test_405.wav,0
test_2645.wav,3
test_1143.wav,0
test_2597.wav,3
test_925.wav,3
test_2588.wav,3
test_1623.wav,3
test_721.wav,2
test_971.wav,3
test_625.wav,2
test_1860.wav,3
test_2307.wav,3
test_3400.wav,3
test_2618.wav,3
test_3214.wav,3
test_2968.wav,3
test_1922.wav,3
test_3456.wav,3
test_718.wav,0
test_1810.wav,3
test_3135.wav,3
test_3222.wav,3
test_1757.wav,3
test_1446.wav,3
test_1831.wav,3
test_2440.wav,3
test_1029.wav,3
test_1135.wav,3
test_1689.wav,3
test_2465.wav,3
test_2462.wav,0
test_3084.wav,3
test_3040.wav,3
test_1552.wav,0
test_454.wav,0
test_1175.wav,2
test_2745.wav,3
test_6.wav,0
test_302.wav,3
test_1025.wav,2
test_2266.wav,3
test_2690.wav,3
test_387.wav,0
test_855.wav,3
test_264.wav,3
test_1487.wav,0
test_2086.wav,0
test_1057.wav,0
test_2476.wav,3
test_1445.wav,0
test_163.wav,0
test_2085.wav,3
test_3073.wav,3
test_2417.wav,3
test_1067.wav,3
test_2218.wav,3
test_3033.wav,3
test_3190.wav,3
test_1806.wav,0
test_2513.wav,3
test_554.wav,2
test_1215.wav,0
test_3575.wav,3
test_1475.wav,3
test_989.wav,0
test_1141.wav,2
test_2957.wav,3
test_32.wav,3
test_3039.wav,3
test_2617.wav,3
test_3543.wav,3
test_125.wav,2
test_2889.wav,3
test_1942.wav,3
test_112.wav,0
test_80.wav,0
test_1022.wav,2
test_277.wav,2
test_3363.wav,3
test_766.wav,0
test_3089.wav,3
test_1265.wav,0
test_1817.wav,3
test_674.wav,3
test_2377.wav,3
test_2507.wav,3
test_1523.wav,0
test_979.wav,0
test_2286.wav,3
test_3078.wav,3
test_885.wav,3
test_2642.wav,3
test_2592.wav,3
test_604.wav,0
test_794.wav,0
test_1528.wav,3
test_3345.wav,3
test_2526.wav,3
test_2663.wav,3
test_3402.wav,3
test_1994.wav,3
test_1122.wav,2
test_2464.wav,3
test_618.wav,2
test_570.wav,3
test_114.wav,3
test_2029.wav,0
test_3486.wav,3
test_2080.wav,3
test_1975.wav,3
test_2076.wav,0
test_1638.wav,3
test_2355.wav,3
test_615.wav,3
test_2774.wav,3
test_1594.wav,0
test_3472.wav,3
test_49.wav,3
test_2052.wav,3
test_2492.wav,3
test_746.wav,2
test_898.wav,3
test_2403.wav,3
test_2203.wav,3
test_242.wav,0
test_2018.wav,3
test_3123.wav,3
test_3120.wav,3
test_2560.wav,3
test_540.wav,2
test_1771.wav,3
test_3252.wav,3
test_1844.wav,3
test_1794.wav,2
test_1627.wav,0
test_1791.wav,0
test_462.wav,3
test_565.wav,3
test_2504.wav,3
test_306.wav,0
test_1980.wav,3
test_2288.wav,3
test_2786.wav,3
test_65.wav,2
test_1816.wav,3
test_1186.wav,2
test_2142.wav,3
test_2124.wav,3
test_3497.wav,3
test_1927.wav,3
test_675.wav,0
test_3482.wav,3
test_1681.wav,0
test_3187.wav,0
test_3255.wav,3
test_2023.wav,3
test_1685.wav,2
test_672.wav,0
test_2502.wav,3
test_2362.wav,3
test_1955.wav,3
test_348.wav,3
test_1540.wav,3
test_2019.wav,3
test_1678.wav,3
test_2248.wav,3
test_1468.wav,3
test_1149.wav,3
test_823.wav,2
test_1464.wav,3
test_567.wav,3
test_850.wav,0
test_2165.wav,3
test_1316.wav,0
test_568.wav,2
test_98.wav,2
test_1803.wav,3
test_2511.wav,3
test_690.wav,2
test_413.wav,0
test_499.wav,0
test_514.wav,0
test_475.wav,3
test_1410.wav,3
test_2718.wav,3
test_1590.wav,3
test_1348.wav,2
test_2139.wav,3
test_921.wav,2
test_894.wav,3
test_486.wav,2
test_1054.wav,0
test_767.wav,3
test_423.wav,0
test_375.wav,0
test_2282.wav,3
test_496.wav,2
test_1079.wav,0
test_1412.wav,2
test_2397.wav,3
test_2302.wav,3
test_1522.wav,2
test_2529.wav,3
test_2948.wav,3
test_3444.wav,3
test_374.wav,2
test_246.wav,3
test_3294.wav,3
test_3057.wav,3
test_677.wav,0
test_1756.wav,0
test_2008.wav,3
test_1599.wav,2
test_931.wav,3
test_2147.wav,3
test_2797.wav,3
test_2590.wav,3
test_67.wav,0
test_2955.wav,3
test_2522.wav,3
test_453.wav,3
test_761.wav,0
test_155.wav,0
test_1907.wav,3
test_592.wav,0
test_1881.wav,0
test_461.wav,2
test_3527.wav,3
test_973.wav,0
test_1654.wav,0
test_3455.wav,3
test_2536.wav,3
test_60.wav,3
test_3216.wav,3
test_1073.wav,0
test_3568.wav,3
test_2612.wav,3
test_1603.wav,0
test_2361.wav,3
test_2773.wav,3
test_2175.wav,3
test_2936.wav,3
test_2991.wav,3
test_378.wav,3
test_3555.wav,3
test_272.wav,2
test_2584.wav,3
test_3021.wav,3
test_2496.wav,3
test_1379.wav,0
test_1043.wav,3
test_3285.wav,3
test_3367.wav,3
test_1250.wav,2
test_13.wav,2
test_3533.wav,3
test_2382.wav,3
test_309.wav,0
test_1204.wav,3
test_623.wav,0
test_2017.wav,3
test_17.wav,2
test_1285.wav,2
test_2667.wav,3
test_287.wav,0
test_2814.wav,3
test_1355.wav,3
test_1388.wav,3
test_2886.wav,3
test_1929.wav,3
test_2244.wav,3
test_713.wav,0
test_2456.wav,3
test_1385.wav,0
test_2946.wav,3
test_3025.wav,0
test_3291.wav,3
test_2481.wav,0
test_847.wav,2
test_1671.wav,0
test_2554.wav,3
test_3173.wav,3
test_2550.wav,3
test_88.wav,3
test_2338.wav,0
test_3246.wav,3
test_683.wav,2
test_480.wav,3
test_3044.wav,0
test_47.wav,2
test_3574.wav,3
test_3090.wav,3
test_3360.wav,3
test_1467.wav,2
test_1391.wav,0
test_3028.wav,3
test_3113.wav,3
test_1727.wav,2
test_980.wav,2
test_741.wav,0
test_1849.wav,3
test_1661.wav,0
test_977.wav,0
test_2213.wav,3
test_229.wav,0
test_1520.wav,0
test_1194.wav,3
test_1717.wav,0
test_2299.wav,3
test_1227.wav,3
test_156.wav,3
test_124.wav,0
test_2996.wav,3
test_1429.wav,3
test_1932.wav,3
test_948.wav,0
test_516.wav,0
test_2207.wav,3
test_3425.wav,3
test_1788.wav,2
test_1973.wav,3
test_2706.wav,0
test_699.wav,0
test_3585.wav,3
test_2305.wav,3
test_56.wav,3
test_2153.wav,3
test_1940.wav,3
test_1761.wav,2
test_2072.wav,3
test_3212.wav,3
test_3271.wav,0
test_1854.wav,3
test_1493.wav,0
test_2015.wav,3
test_1984.wav,3
test_2909.wav,3
test_1168.wav,0
test_2872.wav,3
test_938.wav,2
test_477.wav,0
test_2359.wav,3
test_1664.wav,0
test_73.wav,2
test_762.wav,0
test_3558.wav,3
test_1287.wav,0
test_3579.wav,0
test_1463.wav,2
test_1363.wav,2
test_257.wav,2
test_2602.wav,3
test_3394.wav,3
test_824.wav,2
test_1607.wav,0
test_1457.wav,0
test_3064.wav,3
test_2571.wav,3
test_3347.wav,3
test_846.wav,3
test_1733.wav,0
test_252.wav,3
test_899.wav,3
test_3149.wav,3
test_2528.wav,3
test_2890.wav,3
test_1421.wav,3
test_1579.wav,2
test_1328.wav,2
test_3561.wav,3
test_1005.wav,3
test_1890.wav,3
test_2976.wav,3
test_1699.wav,2
test_2974.wav,3
test_1473.wav,0
test_2557.wav,3
test_2453.wav,3
test_3237.wav,3
test_871.wav,2
test_1008.wav,3
test_1375.wav,3
test_1247.wav,3
test_1198.wav,0
test_2434.wav,3
test_502.wav,2
test_2676.wav,3
test_1239.wav,0
test_3442.wav,3
test_1460.wav,0
test_1237.wav,0
test_2741.wav,3
test_1956.wav,3
test_1993.wav,3
test_3501.wav,3
test_834.wav,3
test_551.wav,3
test_3505.wav,3
test_2926.wav,0
test_2661.wav,3
test_2169.wav,3
test_2130.wav,3
test_1731.wav,0
test_2423.wav,3
test_3519.wav,3
test_504.wav,2
test_317.wav,3
test_3055.wav,3
test_484.wav,0
test_404.wav,0
test_1223.wav,0
test_2546.wav,3
test_261.wav,3
test_779.wav,0
test_341.wav,3
test_491.wav,2
test_290.wav,2
test_2910.wav,3
test_534.wav,2
test_1935.wav,3
test_1320.wav,0
test_785.wav,0
test_3072.wav,3
test_3136.wav,3
test_3170.wav,3
test_1554.wav,0
test_3121.wav,3
test_2829.wav,3
test_2508.wav,3
test_1687.wav,3
test_1200.wav,2
test_2944.wav,3
test_2977.wav,3
test_1847.wav,3
test_3595.wav,3
test_2691.wav,3
test_3139.wav,3
test_3058.wav,3
test_3240.wav,3
test_961.wav,0
test_3379.wav,3
test_749.wav,2
test_291.wav,0
test_1954.wav,3
test_1703.wav,0
test_2381.wav,3
test_3108.wav,3
test_1819.wav,3
test_1622.wav,0
test_1833.wav,3
test_2106.wav,3
test_743.wav,2
test_2158.wav,0
test_649.wav,2
test_1193.wav,0
test_728.wav,3
test_3158.wav,3
test_166.wav,0
test_2083.wav,3
test_950.wav,2
test_2978.wav,3
test_2892.wav,3
test_2238.wav,3
test_1035.wav,3
test_2735.wav,3
test_3244.wav,3
test_1503.wav,0
test_2144.wav,3
test_2512.wav,3
test_1413.wav,0
test_334.wav,0
test_1948.wav,3
test_1572.wav,2
test_981.wav,2
test_1214.wav,0
test_445.wav,2
test_1177.wav,2
test_1701.wav,0
test_3155.wav,3
test_2870.wav,3
test_2970.wav,3
test_997.wav,0
test_3235.wav,3
test_3496.wav,3
test_2287.wav,3
test_3583.wav,3
test_3343.wav,3
test_1892.wav,3
test_2920.wav,3
test_1551.wav,0
test_796.wav,3
test_2161.wav,3
test_2228.wav,0
test_809.wav,2
test_1367.wav,0
test_825.wav,2
test_1799.wav,0
test_3303.wav,3
test_2275.wav,3
test_1527.wav,3
test_878.wav,0
test_3589.wav,3
test_874.wav,0
test_3540.wav,3
test_3186.wav,3
test_893.wav,3
test_994.wav,3
test_524.wav,0
test_2885.wav,3
test_164.wav,2
test_1069.wav,3
test_1652.wav,2
test_936.wav,3
test_2813.wav,3
test_181.wav,0
test_2586.wav,3
test_3181.wav,3
test_310.wav,2
test_1728.wav,0
test_3474.wav,3
test_3219.wav,3
test_1210.wav,2
test_1036.wav,0
test_2283.wav,3
test_2322.wav,3
test_1944.wav,3
test_2883.wav,3
test_707.wav,0
test_3193.wav,3
test_3349.wav,3
test_765.wav,0
test_1738.wav,3
test_1675.wav,2
test_2893.wav,3
test_2239.wav,0
test_3340.wav,3
test_3483.wav,3
test_1336.wav,0
test_784.wav,3
test_1798.wav,3
test_2692.wav,3
test_924.wav,2
test_1047.wav,0
test_2802.wav,3
test_3567.wav,0
test_27.wav,3
test_1897.wav,3
test_208.wav,0
test_2269.wav,3
test_3199.wav,3
test_270.wav,0
test_3438.wav,3
test_279.wav,0
test_1566.wav,0
test_3070.wav,3
test_2860.wav,3
test_2364.wav,3
test_248.wav,0
test_1146.wav,3
test_2469.wav,3
test_3223.wav,3
test_463.wav,3
test_137.wav,0
test_128.wav,0
test_3313.wav,3
test_407.wav,3
test_2794.wav,3
test_2136.wav,3
test_177.wav,2
test_3546.wav,3
test_3503.wav,3
test_3354.wav,3
test_3192.wav,3
test_146.wav,0
test_1032.wav,3
test_872.wav,0
test_3441.wav,3
test_3458.wav,3
test_278.wav,2
test_2803.wav,3
test_2390.wav,3
test_1294.wav,0
test_3279.wav,3
test_2752.wav,3
test_180.wav,3
test_1743.wav,3
test_2196.wav,3
test_2781.wav,0
test_3308.wav,3
test_418.wav,0
test_1225.wav,0
test_3267.wav,3
test_2478.wav,3
test_2466.wav,3
test_692.wav,0
test_2167.wav,3
test_202.wav,0
test_2705.wav,3
test_383.wav,2
test_398.wav,0
test_1252.wav,0
test_20.wav,0
test_2449.wav,3
test_3414.wav,0
test_3330.wav,3
test_318.wav,3
test_2005.wav,3
test_2128.wav,3
test_529.wav,3
test_3452.wav,3
test_2079.wav,3
test_626.wav,2
test_2296.wav,3
test_3392.wav,0
test_141.wav,3
test_1346.wav,0
test_3528.wav,3
test_399.wav,2
test_3022.wav,3
test_682.wav,2
test_1201.wav,2
test_3301.wav,3
test_1166.wav,3
test_2200.wav,3
test_3.wav,0
test_1096.wav,0
test_3388.wav,3
test_544.wav,0
test_2186.wav,3
test_3300.wav,3
test_917.wav,2
test_3260.wav,3
test_158.wav,0
test_3578.wav,3
test_1083.wav,0
test_650.wav,2
test_1284.wav,0
test_2264.wav,3
test_1574.wav,0
test_1736.wav,3
test_3213.wav,3
test_802.wav,2
test_2777.wav,3
test_2811.wav,3
test_2762.wav,3
test_3480.wav,3
test_1845.wav,3
test_429.wav,0
test_2406.wav,3
test_2868.wav,3
test_1016.wav,0
test_1842.wav,3
test_1097.wav,0
test_884.wav,2
test_2068.wav,3
test_430.wav,0
test_182.wav,3
test_183.wav,0
test_3596.wav,3
test_1989.wav,3
test_2188.wav,3
test_3500.wav,3
test_3145.wav,3
test_2922.wav,3
test_2342.wav,0
test_2628.wav,3
test_458.wav,2
test_562.wav,3
test_708.wav,2
test_3522.wav,3
test_385.wav,2
test_3130.wav,3
test_3007.wav,3
test_2459.wav,3
test_992.wav,2
test_424.wav,3
test_2606.wav,3
test_2578.wav,3
test_2808.wav,3
test_50.wav,3
test_1804.wav,3
test_1863.wav,3
test_3454.wav,3
test_2378.wav,3
test_1398.wav,2
test_2791.wav,3
test_2728.wav,3
test_2683.wav,3
test_367.wav,0
test_2011.wav,3
test_3233.wav,3
test_3364.wav,3
test_1013.wav,2
test_3382.wav,0
test_839.wav,2
test_178.wav,0
test_3165.wav,3
test_1099.wav,0
test_1673.wav,0
test_216.wav,0
test_1376.wav,3
test_1672.wav,2
test_2950.wav,3
test_1104.wav,3
test_804.wav,2
test_774.wav,2
test_1447.wav,0
test_1901.wav,3
test_333.wav,3
test_1152.wav,3
test_3166.wav,3
test_3272.wav,3
test_1953.wav,3
test_2034.wav,3
test_1393.wav,3
test_271.wav,0
test_842.wav,2
test_2176.wav,3
test_135.wav,3
test_2108.wav,3
test_258.wav,0
test_295.wav,0
test_1639.wav,0
test_1044.wav,3
test_783.wav,0
test_1963.wav,3
test_1145.wav,3
test_976.wav,0
test_2223.wav,3
test_1011.wav,3
test_1235.wav,2
test_2987.wav,3
test_1395.wav,2
test_2566.wav,3
test_1919.wav,3
test_3154.wav,3
test_880.wav,3
test_2695.wav,3
test_1153.wav,3
test_2646.wav,3
test_2111.wav,3
test_1236.wav,0
test_249.wav,0
test_355.wav,2
test_2131.wav,3
test_1480.wav,2
test_2634.wav,3
test_478.wav,3
test_946.wav,0
test_1329.wav,0
test_2125.wav,3
test_2064.wav,3
test_2126.wav,3
test_3600.wav,3
test_2665.wav,3
test_777.wav,0
test_584.wav,0
test_3569.wav,3
test_403.wav,3
test_244.wav,3
test_826.wav,0
test_2427.wav,3
test_299.wav,2
test_1861.wav,3
test_2753.wav,3
test_906.wav,0
test_2033.wav,3
test_3162.wav,3
test_833.wav,3
test_2116.wav,3
test_1242.wav,2
test_2839.wav,3
test_1124.wav,0
test_645.wav,0
test_549.wav,2
test_3476.wav,3
test_95.wav,0
test_2877.wav,3
test_1406.wav,0
test_2321.wav,0
test_2702.wav,3
test_2699.wav,3
test_768.wav,2
test_1917.wav,3
test_3598.wav,3
test_2519.wav,3
test_2308.wav,0
test_3251.wav,3
test_659.wav,2
test_778.wav,2
test_11.wav,2
test_222.wav,2
test_12.wav,2
test_175.wav,2
test_3481.wav,3
test_552.wav,3
test_3129.wav,3
test_2743.wav,3
test_2693.wav,3
test_435.wav,2
test_1053.wav,0
test_930.wav,0
test_1915.wav,3
test_1243.wav,2
test_1155.wav,3
test_3013.wav,3
test_1147.wav,3
test_1212.wav,0
test_1795.wav,0
test_1706.wav,2
test_1868.wav,3
test_3572.wav,3
test_1039.wav,0
test_543.wav,2
test_832.wav,2
test_134.wav,3
test_1034.wav,3
test_668.wav,0
test_1308.wav,0
test_3524.wav,0
test_1912.wav,3
test_2422.wav,3
test_934.wav,0
test_1150.wav,3
test_1885.wav,3
test_2640.wav,3
test_1197.wav,2
test_2959.wav,3
test_3344.wav,3
test_1531.wav,0
test_436.wav,2
test_2451.wav,3
test_185.wav,0
test_388.wav,0
test_3276.wav,3
test_1318.wav,3
test_53.wav,0
test_527.wav,2
test_3371.wav,3
test_3156.wav,3
test_2222.wav,3
test_2272.wav,0
test_3549.wav,3
test_28.wav,0
test_3397.wav,3
test_1600.wav,0
test_221.wav,3
test_2544.wav,3
test_2647.wav,3
test_3479.wav,0
test_2655.wav,3
test_2292.wav,3
test_3494.wav,3
test_2591.wav,3
test_3493.wav,3
test_2769.wav,3
test_2648.wav,0
test_197.wav,2
test_2050.wav,3
test_131.wav,3
test_2840.wav,3
test_100.wav,3
test_2742.wav,3
test_2707.wav,3
test_321.wav,3
test_3580.wav,3
test_3242.wav,3
test_2994.wav,3
test_3239.wav,3
test_890.wav,3
test_1400.wav,2
test_2145.wav,3
test_1306.wav,0
test_1207.wav,2
test_2463.wav,3
test_2932.wav,3
test_2140.wav,3
test_2232.wav,0
test_3377.wav,3
test_1127.wav,0
test_199.wav,2
test_3542.wav,3
test_2289.wav,3
test_1677.wav,2
test_954.wav,0
test_2119.wav,3
test_3046.wav,3
test_1535.wav,2
test_638.wav,3
test_1588.wav,2
test_866.wav,3
test_2300.wav,3
test_2998.wav,3
test_113.wav,0
test_1538.wav,0
test_1455.wav,0
test_2856.wav,0
test_3097.wav,3
test_2137.wav,3
test_1708.wav,0
test_929.wav,0
test_744.wav,0
test_1123.wav,0
test_2748.wav,3
test_3082.wav,3
test_753.wav,0
test_1921.wav,3
test_2174.wav,3
test_3384.wav,3
test_1934.wav,3
test_3348.wav,3
test_1021.wav,2
test_2077.wav,3
test_406.wav,2
test_3489.wav,3
test_52.wav,3
test_359.wav,3
test_187.wav,2
test_1009.wav,0
test_2937.wav,3
test_2107.wav,0
test_1514.wav,0
test_1713.wav,2
test_1416.wav,3
test_2099.wav,0
test_3573.wav,3
test_3053.wav,3
test_1657.wav,3
test_3141.wav,0
test_974.wav,0
test_2849.wav,3
test_3376.wav,3
test_2335.wav,0
test_3391.wav,3
test_2951.wav,3
test_3077.wav,3
test_706.wav,0
test_2703.wav,3
test_209.wav,0
test_2279.wav,3
test_2715.wav,3
test_1106.wav,3
test_1050.wav,0
test_1646.wav,0
test_3132.wav,0
test_1597.wav,2
test_3086.wav,3
test_3327.wav,3
test_1790.wav,3
test_1305.wav,2
test_2345.wav,3
test_2214.wav,3
test_251.wav,0
test_1682.wav,0
test_606.wav,0
test_1581.wav,2
test_1003.wav,3
test_1347.wav,2
test_636.wav,2
test_227.wav,0
test_245.wav,2
test_3075.wav,3
test_681.wav,3
test_1195.wav,0
test_1768.wav,0
test_2657.wav,3
test_2242.wav,3
test_2341.wav,3
test_416.wav,2
test_1253.wav,0
test_857.wav,2
test_2958.wav,3
test_3433.wav,3
test_2038.wav,3
test_2252.wav,3
test_3232.wav,3
test_669.wav,0
test_1656.wav,2
test_589.wav,3
test_104.wav,3
test_2393.wav,3
test_3477.wav,3
test_2866.wav,3
test_1610.wav,2
test_2281.wav,3
test_3059.wav,3
test_4.wav,0
test_3010.wav,3
test_161.wav,0
test_1154.wav,3
test_2884.wav,3
test_1081.wav,0
test_2614.wav,3
test_343.wav,0
test_2075.wav,3
test_1835.wav,3
test_1271.wav,2
test_538.wav,2
test_1807.wav,3
test_1343.wav,2
test_3509.wav,3
test_3171.wav,0
test_162.wav,2
test_1208.wav,2
test_886.wav,2
test_426.wav,0
test_228.wav,0
test_1353.wav,3
test_3091.wav,3
test_856.wav,0
test_1181.wav,3
test_1383.wav,2
test_3541.wav,3
test_2339.wav,3
test_688.wav,0
test_1747.wav,0
test_3581.wav,3
test_3383.wav,3
test_2988.wav,3
test_2844.wav,3
test_2304.wav,3
test_3196.wav,3
test_720.wav,3
test_1964.wav,3
test_806.wav,2
test_2650.wav,3
test_2531.wav,3
test_2562.wav,3
test_3126.wav,0
test_598.wav,2
test_3102.wav,3
test_1290.wav,0
test_2093.wav,3
test_2765.wav,3
test_3419.wav,3
test_1380.wav,0
test_2454.wav,3
test_2960.wav,3
test_3217.wav,3
test_2177.wav,3
test_3018.wav,3
test_666.wav,0
test_2985.wav,3
test_2371.wav,3
test_2919.wav,3
test_1407.wav,2
test_2006.wav,3
test_472.wav,3
test_2477.wav,3
test_937.wav,2
test_1834.wav,3
test_3206.wav,3
test_353.wav,2
test_3316.wav,3
test_1709.wav,2
test_1612.wav,3
test_2875.wav,3
test_1504.wav,0
test_1970.wav,3
test_2952.wav,3
test_1119.wav,3
test_3048.wav,3
test_345.wav,2
test_212.wav,3
test_1165.wav,0
test_840.wav,0
test_366.wav,3
test_1943.wav,3
test_2712.wav,3
test_3068.wav,3
test_1075.wav,2
test_2016.wav,3
test_862.wav,2
test_2964.wav,3
test_2796.wav,3
test_1705.wav,3
test_2720.wav,3
test_1286.wav,3
test_3487.wav,3
test_1928.wav,3
test_1870.wav,3
test_1614.wav,3
test_3523.wav,3
test_1006.wav,2
test_573.wav,2
test_1802.wav,3
test_2600.wav,3
test_3405.wav,3
test_1818.wav,0
test_2249.wav,3
test_2484.wav,3
test_2888.wav,3
test_2181.wav,3
test_3491.wav,3
test_2054.wav,3
test_670.wav,3
test_590.wav,3
test_1971.wav,3
test_2113.wav,3
test_1289.wav,0
test_2467.wav,3
test_1560.wav,2
test_1241.wav,3
test_2331.wav,3
test_263.wav,2
test_410.wav,0
test_2479.wav,3
test_1725.wav,0
test_2025.wav,0
test_2414.wav,3
test_1663.wav,0
test_3437.wav,3
test_1334.wav,0
test_1776.wav,3
test_3513.wav,3
test_108.wav,0
test_2852.wav,3
test_2376.wav,3
test_2301.wav,0
test_1686.wav,0
test_2309.wav,3
test_2935.wav,3
test_651.wav,3
test_3074.wav,3
test_3318.wav,3
test_2271.wav,3
test_2714.wav,3
test_66.wav,3
test_2303.wav,3
test_2505.wav,3
test_864.wav,3
test_1653.wav,2
test_3180.wav,0
test_2613.wav,3
test_2506.wav,3
test_2277.wav,3
test_3331.wav,3
test_1775.wav,2
test_2887.wav,3
test_818.wav,2
test_1615.wav,2
test_1840.wav,0
test_1172.wav,2
test_153.wav,3
test_2233.wav,3
test_2483.wav,3
test_2744.wav,3
test_2516.wav,3
test_481.wav,0
test_2384.wav,3
test_1332.wav,0
test_2700.wav,3
test_2662.wav,3
test_1026.wav,2
test_1820.wav,3
test_679.wav,2
test_3492.wav,3
test_3422.wav,3
test_2202.wav,3
test_332.wav,0
test_1360.wav,3
test_3263.wav,3
test_2363.wav,3
test_3451.wav,3
test_1951.wav,3
test_3243.wav,3
test_151.wav,0
test_701.wav,0
test_1392.wav,3
test_2982.wav,3
test_2122.wav,3
test_1894.wav,3
test_596.wav,0
test_2276.wav,3
test_892.wav,2
test_3386.wav,3
test_1990.wav,3
test_903.wav,3
test_420.wav,0
test_2290.wav,3
test_1830.wav,3
test_648.wav,2
test_1875.wav,3
test_1871.wav,3
test_1436.wav,3
test_944.wav,0
test_1085.wav,3
test_2090.wav,3
test_3050.wav,3
test_236.wav,2
test_2001.wav,3
test_1741.wav,0
test_667.wav,0
test_836.wav,0
test_1244.wav,3
test_3174.wav,3
test_2426.wav,3
test_31.wav,3
test_2056.wav,3
test_2402.wav,3
test_2819.wav,3
test_726.wav,2
test_2914.wav,3
test_196.wav,2
test_308.wav,3
test_558.wav,0
test_943.wav,0
test_2127.wav,3
test_3548.wav,0
test_1767.wav,3
test_211.wav,3
test_1263.wav,0
test_2152.wav,3
test_170.wav,3
test_69.wav,3
test_1459.wav,0
test_555.wav,3
test_680.wav,3
test_241.wav,0
test_566.wav,3
test_2623.wav,3
test_621.wav,0
test_71.wav,0
test_2619.wav,3
test_1142.wav,0
test_2710.wav,3
test_1683.wav,0
test_3396.wav,3
test_3284.wav,3
test_2945.wav,3
test_68.wav,3
test_791.wav,3
test_2823.wav,3
test_3109.wav,3
test_3544.wav,3
test_2553.wav,3
test_2151.wav,3
test_3261.wav,3
test_2217.wav,3
test_2058.wav,3
test_515.wav,3
test_140.wav,2
test_652.wav,2
test_3011.wav,3
test_1190.wav,3
test_2816.wav,3
test_1182.wav,2
test_1789.wav,3
test_2326.wav,3
test_2739.wav,3
test_267.wav,0
test_2787.wav,3
test_1510.wav,0
test_758.wav,2
test_3436.wav,3
test_2265.wav,3
test_2048.wav,3
test_859.wav,0
test_1226.wav,0
test_2042.wav,3
test_581.wav,0
test_2572.wav,3
test_2262.wav,3
test_2942.wav,3
test_2792.wav,3
test_2041.wav,3
test_1373.wav,0
test_957.wav,2
test_2907.wav,3
test_2930.wav,3
test_3060.wav,0
test_1179.wav,2
test_3466.wav,3
test_828.wav,0
test_464.wav,2
test_852.wav,0
test_793.wav,2
test_764.wav,3
test_1389.wav,3
test_2916.wav,3
test_456.wav,2
test_2146.wav,3
test_731.wav,0
test_173.wav,0
test_941.wav,0
test_1783.wav,0
test_1737.wav,0
test_1679.wav,3
test_48.wav,0
test_2708.wav,3
test_38.wav,2
test_3063.wav,3
test_1568.wav,3
test_2368.wav,3
test_952.wav,0
test_918.wav,2
test_1324.wav,0
test_8.wav,0
test_1108.wav,0
test_1941.wav,3
test_848.wav,3
test_2234.wav,3
test_1909.wav,3
test_1356.wav,0
test_2517.wav,3
test_1924.wav,3
test_2240.wav,0
test_967.wav,0
test_1774.wav,3
test_2268.wav,0
test_2629.wav,3
test_3362.wav,3
test_525.wav,0
test_2297.wav,3
test_2567.wav,3
test_1114.wav,0
test_3390.wav,3
test_2460.wav,3
test_712.wav,3
test_1606.wav,2
test_3230.wav,3
test_3189.wav,3
test_450.wav,2
test_3128.wav,3
test_1404.wav,2
test_1386.wav,0
test_1055.wav,3
test_2084.wav,0
test_889.wav,0
test_368.wav,3
test_803.wav,2
test_861.wav,3
test_1904.wav,0
test_2021.wav,3
test_3020.wav,3
test_1062.wav,2
test_2391.wav,3
test_2738.wav,3
test_247.wav,0
test_2172.wav,3
test_1103.wav,3
test_1366.wav,0
test_1903.wav,3
test_3464.wav,3
test_910.wav,2
test_1959.wav,0
test_2713.wav,3
test_1889.wav,3
test_1007.wav,2
test_1778.wav,2
test_1950.wav,3
test_2330.wav,3
test_26.wav,3
test_990.wav,0
test_1451.wav,2
test_2561.wav,3
test_810.wav,3
test_548.wav,0
test_490.wav,2
test_1896.wav,3
test_1139.wav,2
test_3245.wav,3
test_1613.wav,3
test_2110.wav,3
test_1449.wav,2
test_3520.wav,3
test_2027.wav,3
test_735.wav,0
test_2231.wav,3
test_500.wav,0
test_2534.wav,3
test_3353.wav,3
test_2766.wav,3
test_2319.wav,3
test_63.wav,3
test_386.wav,0
test_633.wav,0
test_2687.wav,3
test_1827.wav,3
test_1575.wav,2
test_57.wav,3
test_1976.wav,3
test_1100.wav,0
test_694.wav,3
test_1500.wav,0
test_2398.wav,3
test_328.wav,0
test_2040.wav,0
test_2014.wav,3
test_3339.wav,3
test_3507.wav,3
test_2438.wav,0
test_16.wav,2
test_432.wav,3
test_176.wav,2
test_2490.wav,3
test_3311.wav,3
test_1997.wav,3
test_1809.wav,0
test_2772.wav,3
test_1472.wav,2
test_492.wav,0
test_2488.wav,0
test_3215.wav,3
test_1314.wav,2
test_2071.wav,3
test_99.wav,3
test_3448.wav,0
test_2060.wav,3
test_1521.wav,0
test_330.wav,2
test_1543.wav,0
test_206.wav,0
test_2905.wav,3
test_1824.wav,0
test_380.wav,3
test_3577.wav,3
test_1129.wav,3
test_397.wav,0
test_522.wav,2
test_742.wav,0
test_3459.wav,3
test_2503.wav,0
test_1536.wav,0
test_1793.wav,2
test_2115.wav,3
test_1018.wav,3
test_2089.wav,3
test_2468.wav,3
test_3449.wav,3
test_2871.wav,3
test_2898.wav,3
test_1511.wav,0
test_2688.wav,3
test_2257.wav,3
test_1872.wav,3
test_414.wav,2
test_1692.wav,0
test_896.wav,0
test_702.wav,2
test_1450.wav,2
test_1273.wav,0
test_2447.wav,3
test_2760.wav,3
test_2666.wav,3
test_1936.wav,3
test_3062.wav,0
test_1626.wav,2
test_3323.wav,3
test_2245.wav,3
test_507.wav,2
test_133.wav,3
test_1456.wav,2
test_3105.wav,3
test_733.wav,0
test_2899.wav,3
test_2587.wav,3
test_3278.wav,3
test_1751.wav,3
test_985.wav,0
test_895.wav,0
test_1001.wav,0
test_1010.wav,3
test_520.wav,0
test_513.wav,3
test_2971.wav,3
test_3506.wav,3
test_220.wav,3
test_1061.wav,3
test_441.wav,0
test_3538.wav,3
test_369.wav,2
test_3107.wav,0
test_1331.wav,2
test_468.wav,0
test_2204.wav,3
test_452.wav,0
test_2740.wav,3
test_361.wav,3
test_687.wav,0
test_485.wav,3
test_3539.wav,3
test_3207.wav,3
test_1442.wav,0
test_1105.wav,0
test_1245.wav,2
test_1850.wav,3
test_1853.wav,3
test_2763.wav,3
test_3293.wav,3
test_1947.wav,3
test_1033.wav,2
test_1430.wav,2
test_1134.wav,3
test_1371.wav,0
test_1162.wav,0
test_77.wav,3
test_582.wav,3
test_147.wav,2
test_3351.wav,3
test_1823.wav,3
test_1888.wav,3
test_2901.wav,3
test_2141.wav,3
test_813.wav,0
test_983.wav,2
test_821.wav,3
test_3526.wav,3
test_3191.wav,3
test_1533.wav,0
test_2520.wav,3
test_3229.wav,3
test_3299.wav,3
test_286.wav,0
test_873.wav,0
test_201.wav,0
test_2671.wav,3
test_1020.wav,2
test_214.wav,2
test_2654.wav,3
test_1144.wav,0
test_2836.wav,3
test_2643.wav,3
test_2061.wav,3
test_1283.wav,0
test_87.wav,2
test_19.wav,2
test_1496.wav,3
test_1191.wav,2
test_1628.wav,3
test_3550.wav,3
test_2088.wav,3
test_1415.wav,0
test_319.wav,0
test_2320.wav,3
test_2487.wav,3
test_2387.wav,3
test_1030.wav,3
test_658.wav,3
test_2680.wav,3
test_2545.wav,3
test_773.wav,2
test_1825.wav,3
test_2585.wav,3
test_505.wav,2
test_1583.wav,3
test_1546.wav,2
test_2724.wav,3
test_1561.wav,2
test_3231.wav,3
test_816.wav,2
test_2983.wav,3
test_389.wav,2
test_1031.wav,2
test_3270.wav,3
test_559.wav,3
test_3006.wav,3
test_3208.wav,3
test_964.wav,3
test_1362.wav,0
test_2350.wav,3
test_1340.wav,0
test_2879.wav,3
test_1234.wav,0
test_1766.wav,2
test_2817.wav,3
test_3556.wav,0
test_927.wav,2
test_1651.wav,3
test_2997.wav,3
test_901.wav,3
test_3553.wav,0
test_282.wav,3
test_2956.wav,3
test_3432.wav,3
test_381.wav,0
test_442.wav,0
test_3511.wav,3
test_908.wav,0
test_3045.wav,3
test_1967.wav,0
test_3009.wav,3
test_364.wav,0
test_469.wav,3
test_3204.wav,3
test_2138.wav,3
test_70.wav,2
test_1879.wav,3
test_654.wav,3
test_1869.wav,3
test_1763.wav,0
test_2716.wav,3
test_2678.wav,3
test_2400.wav,3
test_203.wav,3
test_1206.wav,2
test_3023.wav,3
test_2681.wav,3
test_2324.wav,3
test_2913.wav,3
test_863.wav,2
test_1758.wav,0
test_2.wav,0
test_3410.wav,3
test_2007.wav,3
test_3183.wav,3
test_2656.wav,3
test_2291.wav,3
test_501.wav,0
test_3266.wav,3
test_1517.wav,3
test_897.wav,0
test_292.wav,2
test_1092.wav,0
test_962.wav,0
test_729.wav,0
test_316.wav,3
test_75.wav,3
test_1494.wav,2
test_2876.wav,3
test_3194.wav,3
test_1723.wav,0
test_3176.wav,3
test_3298.wav,3
test_1911.wav,3
test_506.wav,2
test_2874.wav,3
test_51.wav,0
test_34.wav,0
test_3375.wav,3
test_613.wav,2
test_760.wav,3
test_1258.wav,3
test_1158.wav,3
test_3431.wav,3
test_2917.wav,3
test_3226.wav,3
test_2470.wav,3
test_1499.wav,0
test_3559.wav,0
test_2442.wav,3
test_2736.wav,3
test_807.wav,2
test_1667.wav,3
test_2336.wav,0
test_1711.wav,0
test_331.wav,0
test_2201.wav,3
test_391.wav,3
test_1693.wav,0
test_3127.wav,3
test_1587.wav,0
test_1382.wav,3
test_945.wav,2
test_2711.wav,3
test_3387.wav,3
test_2986.wav,3
test_2835.wav,3
test_2783.wav,3
test_377.wav,2
test_3138.wav,3
test_294.wav,3
test_2212.wav,3
test_1609.wav,0
test_3537.wav,3
test_1490.wav,0
test_226.wav,0
test_1059.wav,3
test_1952.wav,3
test_2525.wav,0
test_2778.wav,3
test_2160.wav,0
test_3372.wav,3
test_556.wav,0
test_3525.wav,3
test_1557.wav,2
test_1438.wav,2
test_1882.wav,3
test_1345.wav,0
test_1643.wav,3
test_3027.wav,3
test_3083.wav,0
test_996.wav,0
test_253.wav,3
test_1221.wav,3
test_2979.wav,3
test_2759.wav,3
test_3116.wav,3
test_193.wav,2
test_792.wav,0
test_1115.wav,2
test_1125.wav,2
test_1509.wav,3
test_1394.wav,0
test_370.wav,0
test_603.wav,2
test_1537.wav,0
test_2984.wav,3
test_354.wav,2
test_438.wav,3
test_3209.wav,3
test_685.wav,0
test_995.wav,0
test_2094.wav,3
test_1090.wav,3
test_2576.wav,3
test_3080.wav,3
test_1.wav,3
test_876.wav,3
test_3467.wav,3
test_2358.wav,3
test_1048.wav,3
test_2263.wav,3
test_512.wav,2
test_1101.wav,2
test_1068.wav,3
test_2533.wav,3
test_2733.wav,0
test_2929.wav,0
test_29.wav,0
test_1161.wav,3
test_1655.wav,0
test_2540.wav,3
test_2963.wav,3
test_3325.wav,3
test_3188.wav,3
test_1397.wav,0
test_3258.wav,3
test_782.wav,0
test_1605.wav,2
test_1268.wav,0
test_425.wav,3
test_213.wav,0
test_1458.wav,2
test_3329.wav,3
test_1232.wav,3
test_1838.wav,3
test_2651.wav,3
test_2589.wav,3
test_2847.wav,3
test_2625.wav,0
test_1037.wav,2
test_1064.wav,0
test_1341.wav,0
test_969.wav,3
test_1918.wav,3
test_3322.wav,3
test_2251.wav,3
test_1930.wav,3
test_390.wav,0
test_1274.wav,0
test_663.wav,2
test_371.wav,2
test_2187.wav,3
test_3289.wav,3
test_2226.wav,0
test_1169.wav,2
test_1219.wav,0
test_1750.wav,0
test_2776.wav,3
test_2210.wav,3
test_1569.wav,0
test_2670.wav,3
test_1797.wav,0
test_2669.wav,3
test_2069.wav,3
test_1485.wav,3
test_204.wav,0
test_483.wav,3
test_3087.wav,3
test_2559.wav,3
test_3031.wav,3
test_587.wav,3
test_3338.wav,3
test_451.wav,0
test_1813.wav,3
test_1877.wav,3
test_1641.wav,0
test_3395.wav,3
test_811.wav,3
test_3043.wav,3
test_3518.wav,3
test_298.wav,0
test_1578.wav,2
test_1530.wav,3
test_2493.wav,3
test_235.wav,2
test_3014.wav,3
test_1642.wav,0
test_3582.wav,3
test_1282.wav,0
test_3117.wav,3
test_2980.wav,3
test_1138.wav,2
test_1381.wav,0
test_3551.wav,3
test_1205.wav,0
test_2030.wav,3
test_2253.wav,3
test_545.wav,0
test_2858.wav,3
test_2241.wav,3
test_2473.wav,3
test_1167.wav,3
test_3587.wav,3
test_460.wav,3
test_1387.wav,2
test_1726.wav,3
test_7.wav,2
test_2865.wav,3
test_313.wav,3
test_303.wav,2
test_691.wav,0
test_2807.wav,3
test_2452.wav,0
test_97.wav,0
test_3177.wav,3
test_3370.wav,3
test_3381.wav,3
test_630.wav,0
test_3144.wav,3
test_2121.wav,3
test_612.wav,0
test_653.wav,3
test_2837.wav,3
test_3336.wav,3
test_233.wav,3
test_372.wav,3
test_2416.wav,3
test_2801.wav,3
test_3259.wav,3
test_1248.wav,0
test_1582.wav,0
test_2537.wav,3
test_2037.wav,3
test_1633.wav,0
test_300.wav,0
test_2039.wav,3
test_607.wav,3
test_3468.wav,3
test_2424.wav,3
test_2379.wav,3
test_2199.wav,3
test_1364.wav,0
test_2415.wav,3
test_1647.wav,0
test_1418.wav,0
test_1478.wav,2
test_2827.wav,3
test_2704.wav,3
test_2482.wav,0
test_887.wav,0
test_2685.wav,3
test_737.wav,2
test_676.wav,3
test_1792.wav,2
test_2673.wav,3
test_795.wav,0
test_3460.wav,3
test_1189.wav,3
test_2941.wav,3
test_3324.wav,3
test_1238.wav,0
test_972.wav,3
test_324.wav,0
test_1592.wav,0
test_2981.wav,3
test_2806.wav,3
test_3211.wav,3
test_312.wav,3
test_2206.wav,3
test_3203.wav,3
test_2215.wav,3
test_1995.wav,0
test_119.wav,3
test_2725.wav,3
test_3306.wav,3
test_3168.wav,3
test_665.wav,2
test_932.wav,0
test_276.wav,0
test_1573.wav,0
test_912.wav,2
test_1507.wav,0
test_1744.wav,0
test_340.wav,0
test_2862.wav,3
test_2047.wav,3
test_2399.wav,3
test_1576.wav,0
test_1058.wav,2
test_1843.wav,3
test_2448.wav,0
test_459.wav,2
test_2501.wav,3
test_2209.wav,3
test_3408.wav,3
test_2636.wav,3
test_3485.wav,3
test_1730.wav,0
test_1945.wav,3
test_167.wav,0
test_3273.wav,3
test_2318.wav,3
test_1202.wav,0
test_3328.wav,3
test_891.wav,2
test_2100.wav,3
test_2461.wav,3
test_1060.wav,0
test_123.wav,0
test_715.wav,0
test_231.wav,3
test_2010.wav,3
test_1925.wav,3
test_3026.wav,3
test_2182.wav,3
test_928.wav,3
test_2933.wav,3
test_2134.wav,3
test_3238.wav,3
test_3182.wav,3
test_2360.wav,3
test_2928.wav,3
test_90.wav,0
test_1962.wav,3
test_1299.wav,0
test_2556.wav,3
test_3333.wav,3
test_1220.wav,0
test_444.wav,3
test_1846.wav,3
test_1327.wav,0
test_2610.wav,3
test_2631.wav,3
test_3584.wav,3
test_2421.wav,3
test_1495.wav,3
test_1547.wav,0
test_3531.wav,3
test_132.wav,2
test_860.wav,0
test_3297.wav,3
test_571.wav,0
test_2163.wav,0
test_3484.wav,3
test_2285.wav,3
test_3453.wav,3
test_1471.wav,0
test_2409.wav,3
test_2274.wav,3
test_913.wav,2
test_495.wav,0
test_541.wav,2
test_467.wav,3
test_3115.wav,3
test_143.wav,2
test_1298.wav,0
test_2198.wav,3
test_22.wav,3
test_1012.wav,3
test_1665.wav,0
test_3445.wav,3
test_1292.wav,2
test_3498.wav,3
test_1525.wav,2
test_601.wav,0
test_3234.wav,3
test_2547.wav,3
test_1403.wav,2
test_415.wav,2
test_704.wav,3
test_2000.wav,3
test_344.wav,0
test_709.wav,2
test_2367.wav,3
test_232.wav,0
test_2593.wav,3
test_3095.wav,3
test_1213.wav,0
test_2921.wav,3
test_1280.wav,0
test_3378.wav,3
test_2975.wav,3
test_1636.wav,3
test_2293.wav,3
test_382.wav,2
test_3195.wav,0
test_2722.wav,3
test_421.wav,0
test_1988.wav,3
test_1431.wav,0
test_81.wav,0
test_1558.wav,2
test_2853.wav,3
test_1773.wav,0
test_569.wav,0
test_914.wav,2
test_1770.wav,2
test_747.wav,2
test_394.wav,3
test_1369.wav,0
test_1098.wav,2
test_2784.wav,3
test_3163.wav,0
test_494.wav,3
test_9.wav,0
test_661.wav,3
test_2789.wav,3
test_2205.wav,3
test_2626.wav,3
test_605.wav,0
test_2315.wav,3
test_703.wav,3
test_812.wav,3
test_696.wav,0
test_2604.wav,3
test_2580.wav,3
test_256.wav,2
test_1658.wav,2
test_357.wav,0
test_2622.wav,3
test_3157.wav,3
test_39.wav,2
test_2943.wav,3
test_3321.wav,3
test_3012.wav,3
test_2316.wav,3
test_2755.wav,3
test_2895.wav,3
test_1769.wav,3
test_879.wav,2
test_2495.wav,3
test_91.wav,2
test_1276.wav,0
test_3104.wav,3
test_546.wav,3
test_3035.wav,3
test_3036.wav,3
test_3056.wav,3
test_656.wav,3
test_2171.wav,0
test_273.wav,0
test_1748.wav,0
test_530.wav,2
test_2514.wav,3
test_3588.wav,3
test_82.wav,3
test_1688.wav,3
test_3296.wav,3
test_2185.wav,3
test_274.wav,3
test_1209.wav,0
test_693.wav,3
test_2605.wav,3
test_116.wav,2
test_346.wav,0
test_2730.wav,3
test_3008.wav,3
test_3457.wav,3
test_1544.wav,0
test_3295.wav,3
test_55.wav,3
test_2694.wav,3
test_933.wav,3
test_1505.wav,2
test_2558.wav,3
test_1898.wav,3
test_3003.wav,3
test_2346.wav,3
test_851.wav,0
test_35.wav,3
test_3051.wav,3
test_585.wav,3
test_3254.wav,3
test_2436.wav,3
test_2911.wav,3
test_1762.wav,0
test_1864.wav,3
test_730.wav,0
test_1998.wav,0
test_3292.wav,3
test_1900.wav,3
test_2491.wav,3
test_2059.wav,3
test_610.wav,3
test_36.wav,0
test_2109.wav,3
test_909.wav,3
test_1565.wav,0
test_999.wav,2
test_3326.wav,3
test_1720.wav,0
test_449.wav,2
test_3200.wav,3
test_1151.wav,3
test_3536.wav,0
test_2258.wav,3
test_1532.wav,0
test_74.wav,2
test_3131.wav,3
test_33.wav,0
test_1841.wav,3
test_1246.wav,2
test_3374.wav,3
test_1755.wav,3
test_926.wav,3
test_2057.wav,3
test_853.wav,3
test_2082.wav,3
test_1266.wav,2
test_1349.wav,0
test_1784.wav,3
test_808.wav,2
test_2729.wav,3
test_2267.wav,3
test_482.wav,3
test_46.wav,2
test_127.wav,2
test_3415.wav,3
test_814.wav,2
test_1923.wav,3
test_634.wav,0
test_2340.wav,3
test_1120.wav,3
test_1066.wav,2
test_1112.wav,0
test_2953.wav,3
test_2418.wav,3
test_1567.wav,0
test_1749.wav,0
test_1676.wav,2
test_2894.wav,3
test_2785.wav,3
test_1396.wav,0
test_2850.wav,3
test_3119.wav,3
test_190.wav,0
test_2194.wav,3
test_2726.wav,3
test_2105.wav,3
test_195.wav,2
test_1524.wav,0
test_2624.wav,3
test_2841.wav,3
test_1465.wav,0
test_2864.wav,0
test_1261.wav,2
test_2101.wav,0
test_641.wav,0
test_3029.wav,3
test_2564.wav,0
test_2972.wav,3
test_2499.wav,3
test_1983.wav,0
test_503.wav,0
test_2150.wav,3
test_1991.wav,3
test_614.wav,3
test_2420.wav,0
test_531.wav,0
test_1920.wav,3
test_2973.wav,3
test_2365.wav,3
test_1659.wav,2
test_2599.wav,3
test_408.wav,2
test_2940.wav,3
test_620.wav,3
test_2155.wav,3
test_1132.wav,3
test_3052.wav,3
test_3532.wav,3
test_3122.wav,3
test_965.wav,0
test_2102.wav,0
test_1113.wav,2
test_3178.wav,3
test_2583.wav,3
test_1916.wav,3
test_2419.wav,3
test_1602.wav,2
test_1555.wav,0
test_3571.wav,3
test_673.wav,0
test_2162.wav,3
test_194.wav,2
test_2524.wav,3
test_117.wav,0
test_83.wav,0
test_2012.wav,0
test_1148.wav,3
test_1448.wav,0
test_2682.wav,3
test_3228.wav,3
test_2569.wav,3
test_1690.wav,2
test_2374.wav,3
test_1163.wav,3
test_3418.wav,3
test_262.wav,3
test_1358.wav,2
test_3409.wav,3
test_3565.wav,3
test_2637.wav,0
test_2369.wav,3
test_1333.wav,3
test_473.wav,0
test_1091.wav,0
test_446.wav,2
test_2225.wav,3
test_188.wav,2
test_3412.wav,3
test_689.wav,0
test_159.wav,0
test_1635.wav,0
test_457.wav,2
test_3227.wav,3
test_2644.wav,3
